N,AreaEstimate,RelativeError
100,0.972213595499958,0.029323351670005948
600,0.8911957958749614,0.05645359430249461
1100,0.7954474872272383,0.1578263486336315
1600,0.9053739108093358,0.04144262875730703
2100,1.083323720699953,0.14696030614657793
2600,1.0170849922153407,0.07683058328554465
3100,0.9659412497225388,0.022682555852779982
3600,0.9857165621041241,0.04361950933208933
4100,0.9603573321402025,0.016770627869152267
4600,0.9193759000923515,0.02661813483379884
5100,0.9779324990028989,0.035378194915123604
5600,0.9774218826187078,0.03483758391109525
6100,0.9132432626581571,0.03311101556243718
6600,0.9766327482067759,0.03400209417759681
7100,0.9270262030330585,0.01851843791465636
7600,0.9734928239150895,0.030677724501150673
8100,0.923002783875886,0.022778200698475932
8600,0.9507344579249588,0.006582486923808009
9100,0.948709530553805,0.004438611299961688
9600,0.9529718680890213,0.008951327001537088
10100,0.9250467973024352,0.020614117866459763
10600,0.9786338739608067,0.0361207700300908
11100,0.8995165428634746,0.047644070121535105
11600,0.9805947471853024,0.038196828839574856
12100,0.9537335023623555,0.009757701183716628
12600,0.972213595499958,0.029323351670005948
13100,0.9736978910656068,0.030894837703089907
13600,0.9093056569676078,0.03727992402628855
14100,0.9253266986957047,0.02031777450982412
14600,0.9442458071362605,0.0002873200903641813
15100,0.9342264417685027,0.010895242865444642
15600,0.9628653878509199,0.019426011750101998
16100,0.9275280016695251,0.01798716263035464
16600,0.9511294452361034,0.00700067657354792
17100,0.9437862973859241,0.0007738223554328492
17600,0.9528798024076293,0.008853853199295564
18100,0.9093688492715076,0.03721301968103869
18600,0.9790086367588285,0.03651754713866713
19100,0.9350556936824204,0.010017279048271746
19600,0.9533645564035301,0.009367082607015907
20100,0.9180404996313036,0.028031979368322742
20600,0.9514478682174347,0.007337804352782544
21100,0.9712920660255504,0.02834768972529498
21600,0.9308044979138486,0.014518198493716659
22100,0.9436190779852534,0.0009508645555824712
22600,0.9743645105342499,0.031600615722373146
23100,0.9486447810635954,0.004370058296187633
23600,0.9178355469380959,0.02824897138950293
24100,0.9375204962414533,0.007407689094981815
24600,0.9283454210688623,0.017121726393152892
25100,0.9532341269025484,0.009228991418280643
25600,0.9517059649698807,0.0076110622207166785
26100,0.9602937353252459,0.016703295251063333
26600,0.9411466197039067,0.0035685599435093273
27100,0.9338273022459006,0.011317828635783978
27600,0.9464992504015896,0.0020984949048210087
28100,0.934847379018109,0.010237830529410751
28600,0.934140895256603,0.010985814549239003
29100,0.9301177490968671,0.015245288299210782
29600,0.9426530469881349,0.0019736421307713216
30100,0.9667226881499583,0.023509897524361476
30600,0.9617289390778996,0.018222805720623472
31100,0.949705756633078,0.005493357676359551
31600,0.948523580672902,0.004241738353996225
32100,0.9567672112723885,0.012969616176183345
32600,0.9486538181856952,0.0043796262767756815
33100,0.9522406273748832,0.008177131756543485
33600,0.9424106192093342,0.002230310598449669
34100,0.927166748553039,0.01836963647188885
34600,0.9334374463152775,0.011730585477526215
35100,0.9506088489332922,0.006449499410672434
35600,0.9378037884682179,0.007107755720561721
36100,0.9495914508955268,0.005372337392919848
36600,0.9344938330515989,0.010612144487682848
37100,0.9735238564103352,0.030710579906757896
37600,0.939634097352885,0.0051699308593612745
38100,0.9372547339294871,0.007689062812616283
38600,0.9359444872740528,0.0090762759570617
39100,0.9383974704390898,0.006479199692429117
39600,0.9663213918908673,0.023085028326551307
40100,0.942150132696468,0.0025060986060741067
40600,0.9410836035258214,0.0036352778169646736
41100,0.9774176585415636,0.03483311170327602
41600,0.9577238736439491,0.013982474794154947
42100,0.9401143817768003,0.0046614335751557255
42600,0.949391680112635,0.005160831677752205
43100,0.9440171455144604,0.0005294137496578191
43600,0.928731565425992,0.016712899150097524
44100,0.9364996266856738,0.008488526554606586
44600,0.9283985881691302,0.017065436151893498
45100,0.9327645737756803,0.012442983885561913
45600,0.9331971288384465,0.011985019679908778
46100,0.9384708242895473,0.006401536891209015
46600,0.9400846483525345,0.0046929135997754
47100,0.9633377601270284,0.01992613211123517
47600,0.9507677073639295,0.006617689500814574
48100,0.9431078246575476,0.0014921499184516224
48600,0.923002783875886,0.022778200698475932
49100,0.9256819875686972,0.019941615263283592
49600,0.9243869589471374,0.021312716436341212
50100,0.9434935132376837,0.0010838052256350384
50600,0.9470436387785163,0.002674861735466126
51100,0.9627007423150269,0.019251694608655574
51600,0.9318931091749597,0.01336564004654085
52100,0.9490745387164657,0.004825060766535576
52600,0.9450433676409288,0.0005570907012814628
53100,0.9515243042962865,0.007418730438610292
53600,0.9450061254766382,0.0005176608583452452
54100,0.9452575808372974,0.000783887205957671
54600,0.9419432088268824,0.0027251775944447487
55100,0.9459232460027722,0.0014886548644105187
55600,0.9381161762333227,0.006777017678132884
56100,0.9410195763930074,0.0037030660306360706
56600,0.946104679154376,0.001680745759433265
57100,0.9374795195836721,0.007451072802968146
57600,0.941325559392928,0.0033791089820100198
58100,0.9533047940728503,0.009303809718420531
58600,0.9516411576429622,0.007542447982790688
59100,0.9399709787964061,0.0048132603312328074
59600,0.9588375024075089,0.015161520321525944
60100,0.9662282538970464,0.022986419222120625
60600,0.9423733762321375,0.0022697413020437963
61100,0.9491414234299916,0.004895874420881315
61600,0.9529587158488224,0.008937402172645374
62100,0.9556186452386061,0.011753581093996185
62600,0.9582360837435687,0.014524773131619163
63100,0.9429393350966312,0.0016705368905806323
63600,0.9457681627921761,0.001324461758227479
64100,0.9455194312553413,0.0010611192372569009
64600,0.9400071389307643,0.004774976078814776
65100,0.949364335882217,0.005131881192968906
65600,0.9513169313283888,0.007199175971001252
66100,0.9416204899229548,0.0030668536472953163
66600,0.9523605851414003,0.008304136080348181
67100,0.9543920944200034,0.010454980245950594
67600,0.9463262512410833,0.0019153334302719407
68100,0.9328111061669201,0.012393718089307039
68600,0.9316810753377148,0.013590129172212995
69100,0.9651787648523461,0.021875281107994273
69600,0.9398064756499593,0.004987426718994323
70100,0.9423953468505298,0.0022464800859215584
70600,0.9673938397149014,0.02422047386427634
71100,0.958129488560929,0.014411916336389802
71600,0.9604003856105031,0.016816210385747394
72100,0.9564370364606382,0.012620046240686697
72600,0.9442256283567774,0.0003086842114033451
73100,0.9464120308587827,0.0020061519129634035
73600,0.9455305593191168,0.0010729009855846023
74100,0.943086548509271,0.001514675869905186
74600,0.9357230047841419,0.009310768768010303
75100,0.9381667012767236,0.006723524693404546
75600,0.9503516495694034,0.006177191645680457
76100,0.9536891577407602,0.009710751671037219
76600,0.9399757034298549,0.004808258163438152
77100,0.9418240395316714,0.002851347130574012
77600,0.9469059735552425,0.002529109783750559
78100,0.9388521046428532,0.005997859373215761
78600,0.932261306524578,0.012975814053837919
79100,0.9464026150884547,0.001996183041598703
79600,0.9327632197026606,0.012444417499518256
80100,0.9413843503992103,0.0033168644753350253
80600,0.9296340174340169,0.015757435320008024
81100,0.9268995709501449,0.018652508617449392
81600,0.9343258597929742,0.01078998482889883
82100,0.9503062245903974,0.0061290983132517825
82600,0.9410227234893661,0.0036997340675911225
83100,0.9372326249759523,0.007712470489961797
83600,0.934301917015151,0.010815334053011093
84100,0.935452130176654,0.009597555087551994
84600,0.9180868102185773,0.027982948405239138
85100,0.9447951157208756,0.0002942559707341651
85600,0.9560857531447017,0.012248127845573588
86100,0.9417260611463008,0.0029550809607608265
86600,0.9310123957830428,0.01429808829106714
87100,0.9445317388198214,1.5407787783058964e-05
87600,0.9335914115691377,0.011567575999076521
88100,0.9523499806089258,0.008292908616589139
88600,0.9409403590758623,0.0037869367302143632
89100,0.9626114859147732,0.019157195110302137
89600,0.9525740128230057,0.008530100927564935
90100,0.9476115200533441,0.003276101483461904
90600,0.9534346353219786,0.009441278100220957
91100,0.9471345400726814,0.002771102752063985
91600,0.9534273720934632,0.00943358821524709
92100,0.9535293602769946,0.009541567387097036
92600,0.9396664880912121,0.005135637424778266
93100,0.9605177928473269,0.016940514356682486
93600,0.9376252271985172,0.007296806033638538
94100,0.9526866699367813,0.008649375743796397
94600,0.9450820532999591,0.0005980488327033624
95100,0.9469626219890758,0.0025890858590183617
95600,0.9611287333755337,0.017587342744061242
96100,0.9537000587698339,0.00972229304819412
96600,0.9538965277586544,0.00993030301535362
97100,0.934266226530392,0.010853121067680334
97600,0.9337633446943244,0.01138554318087748
98100,0.934950362889562,0.010128797180954576
98600,0.9495351850572611,0.005312766387642589
99100,0.9409183243632792,0.003810265805547306
99600,0.9350234971178814,0.0100513669029129
