distribution,size,runs,avg_quick_ms,avg_hybrid_ms
random,500,5,0.19058,0.10916
random,1000,5,0.29776,0.1954
random,1500,5,0.52994,0.3525
random,2000,5,0.62764,0.4954
random,2500,5,0.65694,0.4441
random,3000,5,0.94476,0.70562
random,3500,5,1.07486,0.8844
random,4000,5,1.45602,3.48336
random,4500,5,1.70452,1.04932
random,5000,5,1.28056,1.0578
random,5500,5,2.0473,1.19044
random,6000,5,2.1965,1.74758
random,6500,5,2.56794,1.69728
random,7000,5,2.58194,2.14506
random,7500,5,3.83752,2.0951
random,8000,5,2.52288,1.92526
random,8500,5,2.83216,2.08528
random,9000,5,3.42164,2.43684
random,9500,5,4.06758,3.31086
random,10000,5,3.08728,2.42512
random,10500,5,3.35558,2.46054
random,11000,5,3.12036,2.6012
random,11500,5,3.3975,2.86336
random,12000,5,4.0917,3.53324
random,12500,5,3.31786,2.89972
random,13000,5,4.16204,3.21258
random,13500,5,4.45602,3.44072
random,14000,5,4.27654,3.21924
random,14500,5,3.92026,3.31616
random,15000,5,4.34384,3.61312
random,15500,5,4.34218,3.79536
random,16000,5,4.61934,3.5955
random,16500,5,5.9359,4.4479
random,17000,5,4.80334,3.75354
random,17500,5,4.92282,3.91636
random,18000,5,5.83544,4.78804
random,18500,5,5.81882,4.42418
random,19000,5,5.6232,4.55382
random,19500,5,5.63084,4.6981
random,20000,5,6.07304,4.67716
random,20500,5,5.71378,4.65086
random,21000,5,5.96424,4.73756
random,21500,5,6.2601,4.84186
random,22000,5,8.20636,6.04378
random,22500,5,6.3958,5.35642
random,23000,5,7.4358,5.72918
random,23500,5,6.95276,5.63498
random,24000,5,6.8781,5.44122
random,24500,5,7.33526,6.0173
random,25000,5,8.57096,6.55414
random,25500,5,7.99962,6.8761
random,26000,5,7.62176,6.25394
random,26500,5,7.90704,6.66388
random,27000,5,7.81522,6.48586
random,27500,5,8.31298,6.43964
random,28000,5,11.7839,11.7061
random,28500,5,11.333,8.59468
random,29000,5,9.5678,7.37822
random,29500,5,8.75204,6.78304
random,30000,5,10.1476,6.85674
random,30500,5,10.0476,8.80312
random,31000,5,10.1248,7.7907
random,31500,5,9.5703,8.08402
random,32000,5,9.6137,7.8207
random,32500,5,9.30494,7.67366
random,33000,5,12.266,8.8973
random,33500,5,11.9371,9.14338
random,34000,5,10.156,8.10052
random,34500,5,10.1779,8.1832
random,35000,5,11.0695,9.44716
random,35500,5,11.9311,9.20836
random,36000,5,10.8858,9.41688
random,36500,5,10.8896,8.53144
random,37000,5,12.7504,10.1778
random,37500,5,11.5816,9.80148
random,38000,5,12.1446,9.2623
random,38500,5,11.2864,9.23664
random,39000,5,17.3572,13.7917
random,39500,5,16.2713,11.793
random,40000,5,14.4898,11.3605
random,40500,5,13.441,10.6871
random,41000,5,13.5937,11.0573
random,41500,5,13.9745,10.6938
random,42000,5,12.9059,9.97986
random,42500,5,14.2463,12.1008
random,43000,5,13.5553,11.6832
random,43500,5,14.4821,10.703
random,44000,5,14.3456,10.8156
random,44500,5,14.1573,12.0536
random,45000,5,15.1944,11.6609
random,45500,5,13.8924,11.2705
random,46000,5,15.5392,13.022
random,46500,5,15.4323,12.1205
random,47000,5,14.655,12.1216
random,47500,5,24.6539,17.4643
random,48000,5,15.6679,12.58
random,48500,5,14.4412,12.0874
random,49000,5,16.8833,13.2268
random,49500,5,15.3923,13.316
random,50000,5,15.4554,12.4608
random,50500,5,18.5697,14.0152
random,51000,5,15.7073,12.8572
random,51500,5,15.5668,13.1313
random,52000,5,17.6304,13.9713
random,52500,5,16.9978,13.7285
random,53000,5,16.9314,13.122
random,53500,5,18.9465,14.1177
random,54000,5,17.2541,14.5266
random,54500,5,21.6475,19.24
random,55000,5,19.977,18.2467
random,55500,5,17.5563,13.9126
random,56000,5,19.7057,15.428
random,56500,5,18.1254,14.5638
random,57000,5,19.04,16.9844
random,57500,5,20.8271,15.1845
random,58000,5,17.9652,14.5017
random,58500,5,20.9564,16.3589
random,59000,5,20.4192,14.6925
random,59500,5,20.3499,15.6989
random,60000,5,20.2718,17.328
random,60500,5,21.8103,19.9609
random,61000,5,23.6329,20.1857
random,61500,5,19.99,15.6736
random,62000,5,22.9467,17.6949
random,62500,5,20.5167,16.3118
random,63000,5,22.1219,16.9144
random,63500,5,20.269,17.9714
random,64000,5,20.8578,17.0462
random,64500,5,26.8979,21.3803
random,65000,5,21.7427,17.6178
random,65500,5,34.6843,19.8036
random,66000,5,27.8595,20.5126
random,66500,5,27.0021,21.84
random,67000,5,32.7972,26.0342
random,67500,5,27.4081,22.0868
random,68000,5,32.6124,24.9027
random,68500,5,26.8598,24.9175
random,69000,5,34.0759,26.2962
random,69500,5,33.8673,27.0825
random,70000,5,43.6894,32.9374
random,70500,5,33.342,24.3066
random,71000,5,33.1885,28.5847
random,71500,5,29.1499,30.6326
random,72000,5,31.2197,24.1517
random,72500,5,32.6949,26.634
random,73000,5,27.9074,22.8754
random,73500,5,31.5117,23.255
random,74000,5,32.383,28.8382
random,74500,5,36.0555,27.4307
random,75000,5,38.4281,22.9564
random,75500,5,28.6398,24.8829
random,76000,5,28.488,22.8073
random,76500,5,33.4959,28.9466
random,77000,5,32.9984,29.2345
random,77500,5,28.5299,23.7083
random,78000,5,35.4781,29.7377
random,78500,5,35.2453,28.8386
random,79000,5,28.9957,23.3476
random,79500,5,26.7878,22.1221
random,80000,5,26.1663,20.5972
random,80500,5,28.3374,23.2216
random,81000,5,26.43,21.3616
random,81500,5,28.0314,22.8073
random,82000,5,31.5571,25.7075
random,82500,5,31.0622,26.5119
random,83000,5,30.2694,25.5787
random,83500,5,28.9502,22.5684
random,84000,5,28.9558,22.9058
random,84500,5,27.0182,24.8227
random,85000,5,28.615,23.6052
random,85500,5,30.2078,22.69
random,86000,5,28.7419,22.6218
random,86500,5,36.9389,32.6677
random,87000,5,30.0948,24.955
random,87500,5,29.1731,23.6211
random,88000,5,30.4275,27.2127
random,88500,5,28.6376,24.4873
random,89000,5,29.8524,23.5903
random,89500,5,30.3027,24.6806
random,90000,5,30.3924,25.0974
random,90500,5,39.216,33.6506
random,91000,5,30.4244,25.8985
random,91500,5,29.8177,26.1983
random,92000,5,32.818,26.4479
random,92500,5,31.0623,25.6428
random,93000,5,33.0816,26.801
random,93500,5,35.2313,25.7065
random,94000,5,36.7013,32.1007
random,94500,5,32.8905,26.8608
random,95000,5,33.5849,26.0664
random,95500,5,33.5423,27.2663
random,96000,5,31.8509,24.869
random,96500,5,33.8117,27.8432
random,97000,5,32.8698,25.5836
random,97500,5,33.7778,29.3606
random,98000,5,41.8859,31.2201
random,98500,5,36.1255,28.7487
random,99000,5,33.1552,29.6113
random,99500,5,33.2417,26.5106
random,100000,5,35.1095,30.0643
sorted,500,5,0.08758,0.03184
sorted,1000,5,0.20174,0.07522
sorted,1500,5,0.2648,0.10656
sorted,2000,5,0.3528,0.15076
sorted,2500,5,0.4472,0.22482
sorted,3000,5,0.57374,0.24686
sorted,3500,5,0.72858,0.30198
sorted,4000,5,0.7744,0.33662
sorted,4500,5,0.8247,0.4024
sorted,5000,5,0.99798,0.44266
sorted,5500,5,1.03472,0.5088
sorted,6000,5,1.24196,0.55384
sorted,6500,5,1.23754,0.58996
sorted,7000,5,1.40598,0.64198
sorted,7500,5,1.5878,0.79412
sorted,8000,5,1.61708,0.71082
sorted,8500,5,1.74494,0.7366
sorted,9000,5,2.7466,1.17692
sorted,9500,5,2.41472,1.30306
sorted,10000,5,2.55502,1.36612
sorted,10500,5,2.35446,1.20632
sorted,11000,5,2.39936,1.14328
sorted,11500,5,2.99828,1.4206
sorted,12000,5,2.69448,1.28328
sorted,12500,5,2.74304,1.2779
sorted,13000,5,3.23424,1.62236
sorted,13500,5,3.28112,1.41524
sorted,14000,5,3.04958,1.46172
sorted,14500,5,3.06018,1.50042
sorted,15000,5,3.23766,1.48012
sorted,15500,5,3.32416,1.75334
sorted,16000,5,4.58976,2.03578
sorted,16500,5,4.8319,2.44152
sorted,17000,5,4.69556,2.41414
sorted,17500,5,5.56948,3.09066
sorted,18000,5,5.18514,2.75638
sorted,18500,5,6.40204,3.14362
sorted,19000,5,4.40286,2.34506
sorted,19500,5,4.7946,2.4801
sorted,20000,5,4.86604,2.53762
sorted,20500,5,5.06702,2.47924
sorted,21000,5,4.7514,2.28822
sorted,21500,5,4.84502,2.45696
sorted,22000,5,4.9319,2.70026
sorted,22500,5,5.00646,2.69518
sorted,23000,5,6.48458,2.9358
sorted,23500,5,6.0847,3.34438
sorted,24000,5,5.53248,2.73166
sorted,24500,5,5.39566,2.73098
sorted,25000,5,6.06928,2.76638
sorted,25500,5,5.8504,3.04062
sorted,26000,5,6.21482,2.89046
sorted,26500,5,5.94562,2.8929
sorted,27000,5,5.92214,2.91416
sorted,27500,5,6.40446,2.98074
sorted,28000,5,7.46978,3.7173
sorted,28500,5,7.41312,3.6853
sorted,29000,5,6.69136,3.375
sorted,29500,5,7.76344,3.65876
sorted,30000,5,6.93582,3.31876
sorted,30500,5,6.9084,3.28408
sorted,31000,5,6.98958,3.31452
sorted,31500,5,6.81402,3.2779
sorted,32000,5,7.60104,3.50732
sorted,32500,5,10.3372,4.69224
sorted,33000,5,8.34186,4.12654
sorted,33500,5,7.99208,4.093
sorted,34000,5,7.91858,3.76098
sorted,34500,5,7.90262,3.75422
sorted,35000,5,8.05252,3.869
sorted,35500,5,7.95556,4.26896
sorted,36000,5,9.52226,5.81436
sorted,36500,5,9.10006,4.78606
sorted,37000,5,9.2523,4.744
sorted,37500,5,9.29408,4.97946
sorted,38000,5,9.6016,5.05296
sorted,38500,5,12.4919,6.17134
sorted,39000,5,12.8755,8.7006
sorted,39500,5,10.289,4.89868
sorted,40000,5,10.1278,4.79122
sorted,40500,5,9.90482,5.07148
sorted,41000,5,9.83622,5.21358
sorted,41500,5,9.66188,5.7127
sorted,42000,5,13.0441,7.09976
sorted,42500,5,9.99056,5.30734
sorted,43000,5,10.7748,5.59238
sorted,43500,5,12.4062,6.5026
sorted,44000,5,12.5897,6.81824
sorted,44500,5,16.3963,10.4014
sorted,45000,5,16.2122,7.65088
sorted,45500,5,13.8777,6.5569
sorted,46000,5,11.4636,5.40876
sorted,46500,5,12.0296,7.527
sorted,47000,5,11.6227,5.71982
sorted,47500,5,12.2383,6.60512
sorted,48000,5,11.5245,5.95846
sorted,48500,5,11.5176,6.00122
sorted,49000,5,11.7469,7.48296
sorted,49500,5,19.0318,8.46172
sorted,50000,5,19.1965,8.54676
sorted,50500,5,12.0084,5.89552
sorted,51000,5,12.4671,8.51846
sorted,51500,5,13.8323,7.1194
sorted,52000,5,13.4592,6.37716
sorted,52500,5,12.4069,6.21702
sorted,53000,5,12.3205,6.42898
sorted,53500,5,15.3053,7.60976
sorted,54000,5,14.6339,8.05982
sorted,54500,5,15.3332,7.50314
sorted,55000,5,13.0892,6.438
sorted,55500,5,16.4452,7.6823
sorted,56000,5,14.0316,7.86254
sorted,56500,5,14.9422,6.69486
sorted,57000,5,13.6597,6.66628
sorted,57500,5,15.0579,6.85084
sorted,58000,5,15.9586,8.36564
sorted,58500,5,15.6855,7.87652
sorted,59000,5,13.7839,6.76176
sorted,59500,5,14.3964,8.13512
sorted,60000,5,17.8728,8.61194
sorted,60500,5,24.0097,11.2697
sorted,61000,5,16.3538,8.73442
sorted,61500,5,17.2488,8.2712
sorted,62000,5,17.3021,8.48988
sorted,62500,5,14.9509,7.66332
sorted,63000,5,14.9119,8.9182
sorted,63500,5,18.2921,8.39288
sorted,64000,5,18.16,10.133
sorted,64500,5,18.0613,8.4981
sorted,65000,5,16.5818,9.36916
sorted,65500,5,17.5134,8.78616
sorted,66000,5,17.5996,9.07428
sorted,66500,5,18.919,9.06178
sorted,67000,5,24.2664,12.612
sorted,67500,5,16.5101,9.22872
sorted,68000,5,15.7524,8.23568
sorted,68500,5,18.9194,9.58642
sorted,69000,5,24.3438,13.1553
sorted,69500,5,21.2566,10.3405
sorted,70000,5,19.8227,8.90684
sorted,70500,5,19.7995,9.19702
sorted,71000,5,16.9956,8.60004
sorted,71500,5,20.361,10.1174
sorted,72000,5,20.3326,10.6377
sorted,72500,5,18.0096,9.29456
sorted,73000,5,20.5031,10.9377
sorted,73500,5,18.9269,10.3669
sorted,74000,5,18.1667,9.57194
sorted,74500,5,19.8222,10.2922
sorted,75000,5,20.0906,10.6997
sorted,75500,5,19.022,10.273
sorted,76000,5,28.3836,16.141
sorted,76500,5,25.6361,12.7253
sorted,77000,5,18.5609,10.2411
sorted,77500,5,21.0899,11.2245
sorted,78000,5,21.2936,11.3445
sorted,78500,5,19.3084,10.3901
sorted,79000,5,22.675,11.9687
sorted,79500,5,19.7774,10.7204
sorted,80000,5,19.1869,10.4269
sorted,80500,5,21.5146,13.9483
sorted,81000,5,21.2227,11.1856
sorted,81500,5,19.8258,10.535
sorted,82000,5,23.32,11.5235
sorted,82500,5,20.96,13.2404
sorted,83000,5,27.7272,12.6101
sorted,83500,5,28.9482,12.978
sorted,84000,5,20.3246,11.4589
sorted,84500,5,23.2007,12.9501
sorted,85000,5,22.4254,11.0295
sorted,85500,5,22.0709,11.9964
sorted,86000,5,22.3678,12.3957
sorted,86500,5,22.5858,12.245
sorted,87000,5,24.2506,11.8545
sorted,87500,5,21.8919,11.8175
sorted,88000,5,22.0144,11.1241
sorted,88500,5,24.5074,12.5614
sorted,89000,5,24.5437,12.3198
sorted,89500,5,23.7959,12.2088
sorted,90000,5,35.7135,16.6388
sorted,90500,5,22.5867,11.7008
sorted,91000,5,25.4725,12.6548
sorted,91500,5,23.2308,11.717
sorted,92000,5,23.7763,12.2679
sorted,92500,5,24.8353,12.0441
sorted,93000,5,24.286,12.7362
sorted,93500,5,24.5534,13.7962
sorted,94000,5,24.6593,12.3734
sorted,94500,5,23.1851,12.5795
sorted,95000,5,25.8703,12.7759
sorted,95500,5,24.0987,12.2074
sorted,96000,5,34.7216,20.7053
sorted,96500,5,27.4034,13.7046
sorted,97000,5,25.3783,15.1198
sorted,97500,5,27.4207,13.4085
sorted,98000,5,23.5871,12.8903
sorted,98500,5,28.5867,13.3726
sorted,99000,5,25.6726,12.4497
sorted,99500,5,27.5249,14.8326
sorted,100000,5,24.2923,13.0994
reversed,500,5,0.09114,0.07256
reversed,1000,5,0.17334,0.1662
reversed,1500,5,0.26946,0.2682
reversed,2000,5,0.35456,0.36544
reversed,2500,5,0.4883,0.49534
reversed,3000,5,0.59764,0.64724
reversed,3500,5,0.78566,0.78566
reversed,4000,5,0.74238,0.85176
reversed,4500,5,0.88782,1.0071
reversed,5000,5,1.006,1.23604
reversed,5500,5,1.0687,1.3234
reversed,6000,5,1.19302,1.40042
reversed,6500,5,1.91366,2.35408
reversed,7000,5,2.16996,2.22488
reversed,7500,5,2.13314,2.38698
reversed,8000,5,1.75492,1.97832
reversed,8500,5,2.24938,2.2574
reversed,9000,5,1.93192,2.28146
reversed,9500,5,2.0134,2.46576
reversed,10000,5,2.10964,2.63766
reversed,10500,5,2.93254,3.44042
reversed,11000,5,2.28928,2.88636
reversed,11500,5,2.45876,2.98288
reversed,12000,5,2.85406,3.48628
reversed,12500,5,3.2761,3.87878
reversed,13000,5,2.99432,4.6822
reversed,13500,5,4.07008,4.65536
reversed,14000,5,4.64466,5.72756
reversed,14500,5,5.17318,5.81672
reversed,15000,5,5.26782,7.10546
reversed,15500,5,4.0137,4.5931
reversed,16000,5,4.57804,5.35868
reversed,16500,5,3.58998,4.61444
reversed,17000,5,3.75716,4.68366
reversed,17500,5,3.71792,4.6136
reversed,18000,5,4.06614,4.88936
reversed,18500,5,5.31872,6.4126
reversed,19000,5,6.57638,6.17754
reversed,19500,5,4.84146,5.60072
reversed,20000,5,4.85286,6.37984
reversed,20500,5,4.68736,5.91736
reversed,21000,5,4.73624,6.06518
reversed,21500,5,4.53466,5.92542
reversed,22000,5,5.0744,6.43852
reversed,22500,5,6.7795,9.99512
reversed,23000,5,7.00414,8.96994
reversed,23500,5,5.51802,7.81316
reversed,24000,5,5.75084,7.79504
reversed,24500,5,5.40964,7.39504
reversed,25000,5,5.79628,7.0748
reversed,25500,5,7.02622,8.15172
reversed,26000,5,6.39316,8.49686
reversed,26500,5,6.8592,8.3024
reversed,27000,5,6.53994,8.4807
reversed,27500,5,6.33376,7.6275
reversed,28000,5,6.82604,7.70996
reversed,28500,5,8.29578,10.7343
reversed,29000,5,7.10176,9.651
reversed,29500,5,8.81124,12.8272
reversed,30000,5,7.19044,8.98726
reversed,30500,5,8.00584,10.3472
reversed,31000,5,11.4524,14.7968
reversed,31500,5,9.25068,12.1309
reversed,32000,5,8.89844,10.988
reversed,32500,5,7.24046,10.1946
reversed,33000,5,7.26112,9.83028
reversed,33500,5,8.7949,12.454
reversed,34000,5,8.08888,11.6591
reversed,34500,5,8.23206,10.3807
reversed,35000,5,8.22572,10.4997
reversed,35500,5,9.78192,11.911
reversed,36000,5,9.91268,12.1593
reversed,36500,5,8.7982,12.0703
reversed,37000,5,8.67074,11.4239
reversed,37500,5,8.67456,11.707
reversed,38000,5,10.2073,14.3436
reversed,38500,5,10.4362,13.799
reversed,39000,5,9.30262,12.2568
reversed,39500,5,9.02304,11.8897
reversed,40000,5,11.2758,13.5345
reversed,40500,5,10.5861,13.6399
reversed,41000,5,10.6023,13.3427
reversed,41500,5,12.5079,16.5879
reversed,42000,5,14.5377,19.7209
reversed,42500,5,11.8644,14.8228
reversed,43000,5,9.99074,12.9712
reversed,43500,5,10.1831,15.3939
reversed,44000,5,13.0632,17.2369
reversed,44500,5,11.3835,14.9129
reversed,45000,5,10.9014,14.5227
reversed,45500,5,12.8386,17.7662
reversed,46000,5,11.9954,15.4325
reversed,46500,5,12.6694,16.2664
reversed,47000,5,12.1987,17.8528
reversed,47500,5,12.0925,16.1262
reversed,48000,5,11.7159,15.4318
reversed,48500,5,12.2097,20.0331
reversed,49000,5,17.7316,26.7947
reversed,49500,5,12.6565,15.6641
reversed,50000,5,14.2485,22.1517
reversed,50500,5,12.6014,16.6268
reversed,51000,5,12.2088,15.4335
reversed,51500,5,13.3737,17.9666
reversed,52000,5,13.3426,16.6262
reversed,52500,5,12.5704,16.3299
reversed,53000,5,14.8028,17.9672
reversed,53500,5,14.1844,18.1452
reversed,54000,5,13.2399,17.0483
reversed,54500,5,15.31,19.2227
reversed,55000,5,14.7465,19.6311
reversed,55500,5,12.789,17.2833
reversed,56000,5,15.1312,19.6022
reversed,56500,5,15.2159,19.4967
reversed,57000,5,18.0445,24.0872
reversed,57500,5,17.0598,19.8117
reversed,58000,5,13.7998,18.5983
reversed,58500,5,14.7709,21.4896
reversed,59000,5,15.0977,20.1087
reversed,59500,5,14.0119,19.1424
reversed,60000,5,16.0386,20.9386
reversed,60500,5,15.2376,20.0889
reversed,61000,5,15.0041,21.6051
reversed,61500,5,17.2588,20.4025
reversed,62000,5,15.5299,19.9551
reversed,62500,5,20.2812,30.6677
reversed,63000,5,16.0601,23.1028
reversed,63500,5,18.7126,24.3448
reversed,64000,5,18.2482,20.7615
reversed,64500,5,16.939,22.003
reversed,65000,5,17.5153,22.6447
reversed,65500,5,15.9214,21.4107
reversed,66000,5,18.2265,24.3811
reversed,66500,5,16.2254,23.3398
reversed,67000,5,17.9329,24.4356
reversed,67500,5,17.86,24.074
reversed,68000,5,19.0782,24.6793
reversed,68500,5,25.0057,32.1949
reversed,69000,5,17.8069,26.6974
reversed,69500,5,17.2178,26.6136
reversed,70000,5,18.0492,24.5646
reversed,70500,5,19.7363,25.6528
reversed,71000,5,19.787,24.7699
reversed,71500,5,19.903,28.3721
reversed,72000,5,18.1655,24.324
reversed,72500,5,22.0927,26.6988
reversed,73000,5,18.9328,26.7138
reversed,73500,5,27.2066,40.8466
reversed,74000,5,20.2874,27.8431
reversed,74500,5,20.2531,25.8205
reversed,75000,5,27.5571,33.6325
reversed,75500,5,22.6231,30.9764
reversed,76000,5,24.8806,35.2051
reversed,76500,5,23.2203,44.661
reversed,77000,5,23.3946,31.2813
reversed,77500,5,34.0653,43.8728
reversed,78000,5,20.2058,28.5155
reversed,78500,5,20.4708,27.0815
reversed,79000,5,20.5496,27.6535
reversed,79500,5,20.7043,27.8239
reversed,80000,5,21.2767,28.8256
reversed,80500,5,23.4492,28.8455
reversed,81000,5,21.3185,29.5739
reversed,81500,5,19.9952,28.5369
reversed,82000,5,29.4225,42.0966
reversed,82500,5,20.0779,30.3177
reversed,83000,5,23.5236,31.9166
reversed,83500,5,22.2984,30.621
reversed,84000,5,22.7677,30.5783
reversed,84500,5,22.7323,33.4094
reversed,85000,5,20.7039,30.7035
reversed,85500,5,25.1806,31.585
reversed,86000,5,22.6994,35.7491
reversed,86500,5,25.8074,36.2198
reversed,87000,5,22.9955,32.6591
reversed,87500,5,23.3899,30.3069
reversed,88000,5,24.8954,34.7392
reversed,88500,5,22.1715,32.2989
reversed,89000,5,27.3675,33.4599
reversed,89500,5,23.6564,34.6559
reversed,90000,5,25.1702,34.808
reversed,90500,5,29.9264,39.2819
reversed,91000,5,25.0098,34.458
reversed,91500,5,23.0967,31.7007
reversed,92000,5,25.4055,36.0708
reversed,92500,5,23.9536,34.0273
reversed,93000,5,26.8783,34.3811
reversed,93500,5,28.8778,40.2802
reversed,94000,5,29.757,37.7935
reversed,94500,5,23.6433,34.1386
reversed,95000,5,25.9924,37.0503
reversed,95500,5,24.027,34.7607
reversed,96000,5,26.8377,37.7893
reversed,96500,5,26.4685,34.3999
reversed,97000,5,24.5865,34.6721
reversed,97500,5,33.5717,46.4373
reversed,98000,5,32.5374,37.7521
reversed,98500,5,26.6047,38.3059
reversed,99000,5,25.9028,35.4108
reversed,99500,5,29.2657,37.0256
reversed,100000,5,26.7422,37.6266
nearly_sorted,500,5,0.1458,0.1217
nearly_sorted,1000,5,0.19346,0.1842
nearly_sorted,1500,5,0.34678,0.38642
nearly_sorted,2000,5,0.41112,0.52596
nearly_sorted,2500,5,0.66038,0.66612
nearly_sorted,3000,5,0.61796,0.9124
nearly_sorted,3500,5,0.65586,0.89094
nearly_sorted,4000,5,0.78034,1.01496
nearly_sorted,4500,5,1.25784,1.6267
nearly_sorted,5000,5,1.33608,1.70956
nearly_sorted,5500,5,1.31216,1.64908
nearly_sorted,6000,5,1.26512,1.74936
nearly_sorted,6500,5,1.47046,1.7901
nearly_sorted,7000,5,1.4391,2.04508
nearly_sorted,7500,5,1.5378,2.0681
nearly_sorted,8000,5,1.77254,2.59674
nearly_sorted,8500,5,1.71816,2.33462
nearly_sorted,9000,5,1.87196,2.89228
nearly_sorted,9500,5,2.00178,2.98926
nearly_sorted,10000,5,2.181,3.00314
nearly_sorted,10500,5,3.10762,4.87644
nearly_sorted,11000,5,4.2817,5.40584
nearly_sorted,11500,5,4.02276,6.14784
nearly_sorted,12000,5,4.16318,6.21172
nearly_sorted,12500,5,3.60248,4.46012
nearly_sorted,13000,5,4.82756,7.26604
nearly_sorted,13500,5,3.1185,4.33832
nearly_sorted,14000,5,3.1509,4.59178
nearly_sorted,14500,5,3.0939,4.84618
nearly_sorted,15000,5,3.8621,5.82234
nearly_sorted,15500,5,4.71884,6.13036
nearly_sorted,16000,5,3.76134,5.42896
nearly_sorted,16500,5,4.16856,6.38818
nearly_sorted,17000,5,4.15738,5.46482
nearly_sorted,17500,5,4.0399,5.67036
nearly_sorted,18000,5,3.89436,5.4373
nearly_sorted,18500,5,4.41952,6.43056
nearly_sorted,19000,5,4.29972,6.05528
nearly_sorted,19500,5,5.81614,9.44284
nearly_sorted,20000,5,4.99472,7.52818
nearly_sorted,20500,5,4.64026,6.70848
nearly_sorted,21000,5,6.04296,8.171
nearly_sorted,21500,5,4.9681,6.8757
nearly_sorted,22000,5,5.06494,7.39962
nearly_sorted,22500,5,4.90674,7.41006
nearly_sorted,23000,5,5.8496,8.48014
nearly_sorted,23500,5,6.82126,8.67464
nearly_sorted,24000,5,6.01328,9.37158
nearly_sorted,24500,5,6.1901,8.81488
nearly_sorted,25000,5,5.67638,7.791
nearly_sorted,25500,5,5.90832,8.26764
nearly_sorted,26000,5,6.13182,9.99938
nearly_sorted,26500,5,7.22464,10.9042
nearly_sorted,27000,5,7.69166,10.1433
nearly_sorted,27500,5,7.02986,10.4306
nearly_sorted,28000,5,6.70786,9.01892
nearly_sorted,28500,5,6.61334,10.1927
nearly_sorted,29000,5,9.94914,14.4847
nearly_sorted,29500,5,10.4813,17.8041
nearly_sorted,30000,5,8.42984,11.9813
nearly_sorted,30500,5,7.0094,9.93584
nearly_sorted,31000,5,8.07618,16.2995
nearly_sorted,31500,5,7.63562,12.4001
nearly_sorted,32000,5,9.651,12.1625
nearly_sorted,32500,5,7.34396,10.7484
nearly_sorted,33000,5,7.59002,13.9078
nearly_sorted,33500,5,9.168,14.1762
nearly_sorted,34000,5,9.27788,12.9745
nearly_sorted,34500,5,8.2135,11.5523
nearly_sorted,35000,5,8.29958,12.7087
nearly_sorted,35500,5,10.3712,13.9941
nearly_sorted,36000,5,9.62064,14.1331
nearly_sorted,36500,5,8.73028,13.1166
nearly_sorted,37000,5,8.81442,13.3189
nearly_sorted,37500,5,10.5174,14.4192
nearly_sorted,38000,5,9.75728,14.7189
nearly_sorted,38500,5,9.49566,14.6295
nearly_sorted,39000,5,9.30336,13.2431
nearly_sorted,39500,5,12.1236,19.9665
nearly_sorted,40000,5,17.3765,21.1738
nearly_sorted,40500,5,10.3221,14.9924
nearly_sorted,41000,5,11.9031,18.0063
nearly_sorted,41500,5,11.3878,16.563
nearly_sorted,42000,5,9.83986,14.4979
nearly_sorted,42500,5,10.003,15.8713
nearly_sorted,43000,5,11.8214,18.6687
nearly_sorted,43500,5,11.515,16.8647
nearly_sorted,44000,5,10.4758,16.2863
nearly_sorted,44500,5,12.0284,20.7127
nearly_sorted,45000,5,12.7259,17.6273
nearly_sorted,45500,5,11.0362,16.1143
nearly_sorted,46000,5,11.7049,19.5944
nearly_sorted,46500,5,13.1536,17.6164
nearly_sorted,47000,5,11.7384,17.7068
nearly_sorted,47500,5,13.9942,27.0598
nearly_sorted,48000,5,19.4641,25.7927
nearly_sorted,48500,5,14.2888,25.2694
nearly_sorted,49000,5,16.3221,26.1576
nearly_sorted,49500,5,13.6238,19.5124
nearly_sorted,50000,5,13.438,21.4691
nearly_sorted,50500,5,15.4866,23.0226
nearly_sorted,51000,5,12.7718,18.541
nearly_sorted,51500,5,14.3694,23.8158
nearly_sorted,52000,5,14.0524,20.8243
nearly_sorted,52500,5,12.7755,21.2627
nearly_sorted,53000,5,15.3154,22.2787
nearly_sorted,53500,5,13.5016,20.0643
nearly_sorted,54000,5,18.8897,29.6197
nearly_sorted,54500,5,15.2077,26.3154
nearly_sorted,55000,5,14.395,21.6864
nearly_sorted,55500,5,15.8609,21.9513
nearly_sorted,56000,5,13.9801,20.2918
nearly_sorted,56500,5,16.3834,22.5014
nearly_sorted,57000,5,14.5844,23.9183
nearly_sorted,57500,5,14.286,22.3818
nearly_sorted,58000,5,16.2699,22.1695
nearly_sorted,58500,5,14.4854,20.8221
nearly_sorted,59000,5,14.8807,25.3
nearly_sorted,59500,5,17.445,24.5034
nearly_sorted,60000,5,19.6573,31.7958
nearly_sorted,60500,5,19.056,27.0971
nearly_sorted,61000,5,18.2949,28.1624
nearly_sorted,61500,5,21.3694,29.6328
nearly_sorted,62000,5,15.1415,24.6698
nearly_sorted,62500,5,19.3248,29.1252
nearly_sorted,63000,5,15.6517,24.7502
nearly_sorted,63500,5,17.2167,27.033
nearly_sorted,64000,5,14.9318,25.5573
nearly_sorted,64500,5,17.9828,27.0147
nearly_sorted,65000,5,16.081,26.6745
nearly_sorted,65500,5,22.2429,36.8636
nearly_sorted,66000,5,17.0499,25.7232
nearly_sorted,66500,5,17.0256,29.3752
nearly_sorted,67000,5,16.5792,25.4872
nearly_sorted,67500,5,18.4976,25.8478
nearly_sorted,68000,5,17.9305,26.1851
nearly_sorted,68500,5,17.0369,27.8208
nearly_sorted,69000,5,16.8373,26.1509
nearly_sorted,69500,5,17.1235,26.1274
nearly_sorted,70000,5,19.0932,30.5782
nearly_sorted,70500,5,24.1612,35.6855
nearly_sorted,71000,5,18.3303,28.2764
nearly_sorted,71500,5,19.3955,33.0749
nearly_sorted,72000,5,19.2679,29.9538
nearly_sorted,72500,5,19.9092,29.3412
nearly_sorted,73000,5,20.5795,28.0858
nearly_sorted,73500,5,18.8243,31.8198
nearly_sorted,74000,5,19.8805,29.7174
nearly_sorted,74500,5,21.6945,37.023
nearly_sorted,75000,5,20.6321,37.3841
nearly_sorted,75500,5,21.4927,31.0705
nearly_sorted,76000,5,18.6185,31.1966
nearly_sorted,76500,5,20.2091,32.7859
nearly_sorted,77000,5,19.1567,28.9068
nearly_sorted,77500,5,20.2616,33.106
nearly_sorted,78000,5,20.5224,34.2651
nearly_sorted,78500,5,20.4877,32.4741
nearly_sorted,79000,5,24.0873,44.0279
nearly_sorted,79500,5,27.2065,35.825
nearly_sorted,80000,5,21.6837,31.9284
nearly_sorted,80500,5,22.0014,34.88
nearly_sorted,81000,5,22.2958,34.7251
nearly_sorted,81500,5,21.6533,35.7056
nearly_sorted,82000,5,20.4176,31.728
nearly_sorted,82500,5,21.8433,37.6992
nearly_sorted,83000,5,23.5902,43.017
nearly_sorted,83500,5,24.6875,38.9392
nearly_sorted,84000,5,23.853,37.2545
nearly_sorted,84500,5,21.6654,35.9272
nearly_sorted,85000,5,23.0818,34.3898
nearly_sorted,85500,5,22.3201,42.9157
nearly_sorted,86000,5,21.7841,36.6127
nearly_sorted,86500,5,23.9271,35.8686
nearly_sorted,87000,5,27.6302,40.5052
nearly_sorted,87500,5,26.1275,39.6055
nearly_sorted,88000,5,25.4785,38.1788
nearly_sorted,88500,5,25.1304,38.1075
nearly_sorted,89000,5,25.9388,35.8365
nearly_sorted,89500,5,25.8587,41.1532
nearly_sorted,90000,5,23.8471,42.5386
nearly_sorted,90500,5,24.6999,34.5656
nearly_sorted,91000,5,30.7945,49.8676
nearly_sorted,91500,5,24.9191,39.6396
nearly_sorted,92000,5,25.1929,36.4134
nearly_sorted,92500,5,25.4904,41.8659
nearly_sorted,93000,5,24.587,39.9699
nearly_sorted,93500,5,27.2508,45.7474
nearly_sorted,94000,5,28.6781,46.4131
nearly_sorted,94500,5,34.0937,51.4492
nearly_sorted,95000,5,26.7775,41.2231
nearly_sorted,95500,5,24.5972,39.7768
nearly_sorted,96000,5,28.764,38.7935
nearly_sorted,96500,5,27.1113,40.5946
nearly_sorted,97000,5,25.4091,39.667
nearly_sorted,97500,5,24.4329,42.6071
nearly_sorted,98000,5,31.7317,51.0865
nearly_sorted,98500,5,28.308,46.0002
nearly_sorted,99000,5,26.9755,42.3978
nearly_sorted,99500,5,26.0147,43.1784
nearly_sorted,100000,5,27.2169,43.3633
few_unique,500,5,0.16124,0.05972
few_unique,1000,5,0.30268,0.1293
few_unique,1500,5,0.47314,0.22358
few_unique,2000,5,0.64042,0.29496
few_unique,2500,5,0.76396,0.38478
few_unique,3000,5,0.96456,0.47216
few_unique,3500,5,1.11892,0.55366
few_unique,4000,5,1.34852,0.64848
few_unique,4500,5,1.86908,0.8558
few_unique,5000,5,1.58582,0.82418
few_unique,5500,5,1.90528,1.0336
few_unique,6000,5,2.07948,1.12852
few_unique,6500,5,2.68228,1.39838
few_unique,7000,5,2.73886,1.71688
few_unique,7500,5,3.1575,1.72462
few_unique,8000,5,3.28774,1.68936
few_unique,8500,5,3.14696,1.9283
few_unique,9000,5,4.32006,2.23712
few_unique,9500,5,4.0077,2.08222
few_unique,10000,5,3.6304,2.05098
few_unique,10500,5,3.81826,2.01782
few_unique,11000,5,3.93852,2.10676
few_unique,11500,5,3.98874,2.1876
few_unique,12000,5,4.1708,2.56148
few_unique,12500,5,4.44784,2.45698
few_unique,13000,5,6.01496,3.37142
few_unique,13500,5,6.79056,4.14894
few_unique,14000,5,8.25606,4.18132
few_unique,14500,5,6.92096,3.93224
few_unique,15000,5,6.8319,4.19302
few_unique,15500,5,5.75752,3.21662
few_unique,16000,5,5.84932,3.24008
few_unique,16500,5,5.95138,3.56096
few_unique,17000,5,11.9678,5.63996
few_unique,17500,5,6.92318,4.1128
few_unique,18000,5,7.1098,3.85956
few_unique,18500,5,6.95838,3.96116
few_unique,19000,5,6.99942,3.9721
few_unique,19500,5,7.13038,4.13582
few_unique,20000,5,8.88916,4.20414
few_unique,20500,5,9.29814,4.67674
few_unique,21000,5,8.06152,4.55256
few_unique,21500,5,8.82786,5.26368
few_unique,22000,5,7.89718,4.93848
few_unique,22500,5,8.21722,4.74768
few_unique,23000,5,8.38984,4.7955
few_unique,23500,5,10.7427,6.46888
few_unique,24000,5,9.44428,5.3172
few_unique,24500,5,9.6177,5.30388
few_unique,25000,5,9.18896,5.505
few_unique,25500,5,9.1652,5.38726
few_unique,26000,5,11.567,7.32442
few_unique,26500,5,10.3799,6.72972
few_unique,27000,5,10.919,6.17992
few_unique,27500,5,10.3955,6.27504
few_unique,28000,5,10.8255,6.00978
few_unique,28500,5,13.8968,10.1702
few_unique,29000,5,16.6683,10.8855
few_unique,29500,5,13.9284,7.75998
few_unique,30000,5,11.3378,7.58452
few_unique,30500,5,13.289,7.50596
few_unique,31000,5,12.6148,7.59712
few_unique,31500,5,12.1266,7.06308
few_unique,32000,5,11.6929,7.1776
few_unique,32500,5,14.7785,7.99644
few_unique,33000,5,13.9221,7.91646
few_unique,33500,5,12.8228,7.83918
few_unique,34000,5,12.9199,7.8037
few_unique,34500,5,15.289,9.4679
few_unique,35000,5,15.864,8.98286
few_unique,35500,5,13.3934,8.04886
few_unique,36000,5,14.7746,9.35598
few_unique,36500,5,15.2459,8.98366
few_unique,37000,5,14.454,9.32428
few_unique,37500,5,14.5443,8.72928
few_unique,38000,5,19.2759,13.6315
few_unique,38500,5,22.2002,11.7703
few_unique,39000,5,15.9455,10.5797
few_unique,39500,5,22.8357,12.5374
few_unique,40000,5,16.2019,9.7232
few_unique,40500,5,15.5259,10.6007
few_unique,41000,5,19.2526,11.2147
few_unique,41500,5,17.0261,11.4974
few_unique,42000,5,17.7044,9.70814
few_unique,42500,5,19.2725,12.0601
few_unique,43000,5,17.7696,9.6647
few_unique,43500,5,17.6048,11.6938
few_unique,44000,5,18.3123,12.145
few_unique,44500,5,18.5971,10.4708
few_unique,45000,5,21.4849,11.6913
few_unique,45500,5,26.7064,13.3513
few_unique,46000,5,18.2684,11.0166
few_unique,46500,5,23.1065,13.8747
few_unique,47000,5,19.3164,11.1395
few_unique,47500,5,20.5288,13.5092
few_unique,48000,5,20.4801,12.6618
few_unique,48500,5,19.7759,11.9417
few_unique,49000,5,21.1268,13.5297
few_unique,49500,5,20.9789,13.1086
few_unique,50000,5,19.4926,13.3985
few_unique,50500,5,23.5024,13.2926
few_unique,51000,5,19.9094,12.109
few_unique,51500,5,29.3358,14.8825
few_unique,52000,5,27.0097,14.2438
few_unique,52500,5,24.2487,13.8313
few_unique,53000,5,21.4092,12.7851
few_unique,53500,5,22.0624,13.4343
few_unique,54000,5,24.3317,15.0173
few_unique,54500,5,21.9041,13.1875
few_unique,55000,5,24.8578,14.1503
few_unique,55500,5,23.8929,13.826
few_unique,56000,5,24.1764,14.8851
few_unique,56500,5,23.4971,13.5831
few_unique,57000,5,26.4007,16.1936
few_unique,57500,5,31.102,17.0909
few_unique,58000,5,28.5003,15.8381
few_unique,58500,5,25.0174,13.9697
few_unique,59000,5,27.3621,14.5854
few_unique,59500,5,25.0733,16.5209
few_unique,60000,5,26.6569,15.4605
few_unique,60500,5,27.2718,14.5129
few_unique,61000,5,24.7607,16.9234
few_unique,61500,5,28.2646,15.4331
few_unique,62000,5,26.3251,20.1882
few_unique,62500,5,35.5224,19.8402
few_unique,63000,5,28.0432,16.0911
few_unique,63500,5,26.7794,16.3616
few_unique,64000,5,29.4043,17.2184
few_unique,64500,5,27.7784,16.6669
few_unique,65000,5,30.3296,19.0483
few_unique,65500,5,26.3768,16.2083
few_unique,66000,5,30.431,18.5616
few_unique,66500,5,26.9273,16.2752
few_unique,67000,5,37.0499,24.7153
few_unique,67500,5,28.4504,18.7322
few_unique,68000,5,29.817,18.4352
few_unique,68500,5,28.8759,19.0699
few_unique,69000,5,29.6772,17.6024
few_unique,69500,5,32.4401,19.3289
few_unique,70000,5,27.6861,18.7728
few_unique,70500,5,31.6033,19.4172
few_unique,71000,5,37.7585,23.9421
few_unique,71500,5,31.4698,18.7187
few_unique,72000,5,31.6954,19.9346
few_unique,72500,5,30.3775,18.8469
few_unique,73000,5,36.2191,20.6016
few_unique,73500,5,31.2208,20.3655
few_unique,74000,5,32.4375,19.3221
few_unique,74500,5,33.6362,20.9689
few_unique,75000,5,36.6435,25.2347
few_unique,75500,5,34.9717,21.0934
few_unique,76000,5,34.2936,21.8078
few_unique,76500,5,33.1027,20.5173
few_unique,77000,5,36.7428,22.6737
few_unique,77500,5,34.8133,21.918
few_unique,78000,5,32.3784,19.7975
few_unique,78500,5,33.5747,22.4047
few_unique,79000,5,42.5184,25.2851
few_unique,79500,5,38.7013,24.6422
few_unique,80000,5,34.5735,21.0478
few_unique,80500,5,35.7345,22.6956
few_unique,81000,5,35.1834,22.2412
few_unique,81500,5,35.2335,22.1448
few_unique,82000,5,36.079,22.4219
few_unique,82500,5,38.1174,26.2164
few_unique,83000,5,41.8628,25.5979
few_unique,83500,5,38.7168,21.7785
few_unique,84000,5,38.3325,22.7839
few_unique,84500,5,36.4598,22.9899
few_unique,85000,5,36.2359,22.2833
few_unique,85500,5,37.9444,24.0726
few_unique,86000,5,38.6637,25.8123
few_unique,86500,5,43.9699,27.1365
few_unique,87000,5,38.3787,23.0807
few_unique,87500,5,43.5569,27.5665
few_unique,88000,5,45.8323,28.568
few_unique,88500,5,38.114,24.5884
few_unique,89000,5,41.3204,23.2008
few_unique,89500,5,51.9022,30.7638
few_unique,90000,5,37.7009,25.9706
few_unique,90500,5,40.6919,23.839
few_unique,91000,5,38.3757,23.9901
few_unique,91500,5,40.6313,25.2929
few_unique,92000,5,42.3898,24.8314
few_unique,92500,5,43.2123,28.9505
few_unique,93000,5,49.1029,29.5679
few_unique,93500,5,40.0025,25.5092
few_unique,94000,5,45.4661,30.0737
few_unique,94500,5,43.7276,25.6919
few_unique,95000,5,42.5775,25.6876
few_unique,95500,5,44.1967,29.7448
few_unique,96000,5,48.3971,27.8125
few_unique,96500,5,41.8677,24.9525
few_unique,97000,5,43.8577,26.1314
few_unique,97500,5,41.6357,29.4385
few_unique,98000,5,42.9052,27.6646
few_unique,98500,5,47.4555,30.1151
few_unique,99000,5,55.7172,37.1879
few_unique,99500,5,55.9774,33.1866
few_unique,100000,5,54.5007,34.3128
